{
  "current": {
    "color_body_bg": "#d9d8d6",
    "color_body_text": "#222222",
    "color_button": "#fe3b1f",
    "color_button_text": "#d9d8d6",
    "color_sale_price": "#fe3b1f",
    "color_sale_tag": "#fe3b1f",
    "color_sale_tag_text": "#d9d8d6",
    "color_cart_dot": "#fe3b1f",
    "color_cart_dot_text": "#d9d8d6",
    "color_alt_bg": "#f9f9f9",
    "color_alt_text": "#222222",
    "color_announcement": "#fe3b1f",
    "color_announcement_text": "#d9d8d6",
    "color_newsletter": "#fe3b1f",
    "color_newsletter_text": "#d9d8d6",
    "color_drawer_background": "#d9d8d6",
    "color_drawer_text": "#222222",
    "color_image_text": "#ffffff",
    "color_image_overlay": "#222222",
    "color_image_overlay_opacity": 10,
    "color_image_overlay_text_shadow": 20,
    "color_small_image_bg": "#d9d8d6",
    "color_large_image_bg": "#222222",
    "type_header_font_family": "mono",
    "type_header_capitalize": true,
    "type_header_spacing": -25,
    "type_header_base_size": 38,
    "type_header_line_height": 1.2,
    "type_base_font_family": "mono",
    "type_product_capitalize": false,
    "type_base_spacing": 0,
    "type_base_size": 16,
    "type_base_line_height": 1.6,
    "type_navigation_size": 20,
    "button_type_style": "normal",
    "button_style": "square",
    "animate_images": true,
    "animate_page_transitions": true,
    "logo_loader_image": "shopify:\/\/shop_images\/NERETY_LOGO_WEB_ORANGE_55038403-6878-4242-a595-39e86ad6a575.png",
    "desktop_loader_width": 180,
    "mobile_loader_width": 150,
    "product_hover_details": false,
    "product_hover_image": true,
    "product_image_scatter": false,
    "product_grid_image_size": "natural",
    "vendor_enable": true,
    "product_save_amount": false,
    "enable_swatches": false,
    "enable_product_reviews": false,
    "quick_shop_enable": true,
    "cart_type": "page",
    "cart_icon": "bag",
    "cart_notes_enable": true,
    "social_instagram_link": "https:\/\/www.instagram.com\/nerety",
    "social_pinterest_link": "https:\/\/www.pinterest.es\/neretyoficial\/_shop\/",
    "social_tiktok_link": "https:\/\/www.tiktok.com\/@nerety_oficial",
    "social_linkedin_link": "https:\/\/www.linkedin.com\/company\/nerety",
    "favicon": "shopify:\/\/shop_images\/round_FAVICON_NERETY-10.png",
    "checkout_logo_image": "shopify:\/\/shop_images\/NERETY_LOGO_WEB_ORANGE_55038403-6878-4242-a595-39e86ad6a575.png",
    "checkout_logo_position": "center",
    "checkout_logo_size": "medium",
    "checkout_body_background_color": "#d9d8d6",
    "checkout_input_background_color_mode": "white",
    "checkout_sidebar_background_color": "#f9f9f9",
    "checkout_heading_font": "Open Sans",
    "checkout_body_font": "Open Sans",
    "checkout_accent_color": "#222222",
    "checkout_button_color": "#fe3b1f",
    "checkout_error_color": "#ff6d6d",
    "animate_page_transition_style": "page-logo",
    "checkout_banner_background_color": "#ffffff",
    "checkout_call_to_action_color": "#a26b25",
    "checkout_use_header_image": false,
    "product_video_style": "muted",
    "sections": {
      "header": {
        "type": "header",
        "settings": {
          "header_style": "button",
          "main_menu_alignment": "center",
          "sticky_index": true,
          "sticky_collection": false,
          "header_search_enable": true,
          "logo": "shopify:\/\/shop_images\/NERETY_LOGO_WEB_ORANGE_55038403-6878-4242-a595-39e86ad6a575.png",
          "logo-inverted": "shopify:\/\/shop_images\/NERETY_LOGO_WEB_ORANGE_55038403-6878-4242-a595-39e86ad6a575.png",
          "desktop_logo_width": 200,
          "mobile_logo_width": 160,
          "logo_hide_mobile": true,
          "main_menu_link_list": "main-menu",
          "show_announcement": true,
          "show_announcement_home_only": false,
          "announcement_text": "SUMMER SALE | CODE: SUMMER15",
          "announcement_link": "https:\/\/nerety.com\/discount\/SUMMER15"
        }
      },
      "footer": {
        "type": "footer",
        "settings": {
          "show_newsletter": true,
          "newsletter_title": "Subscribe for news & offers",
          "newsletter_richtext": "<p>Nada de Spam, lo prometemos.<\/p>",
          "show_locale_selector": true,
          "show_currency_selector": true,
          "show_currency_flags": true,
          "show_social_icons": true,
          "menu": "footer",
          "show_payment_icons": false,
          "show_copyright": false,
          "copyright_text": ""
        }
      },
      "newsletter-popup": {
        "type": "newsletter-popup",
        "settings": {
          "mode": "disabled",
          "popup_seconds": 5,
          "popup_days": 30,
          "popup_title": "Sign up and save",
          "popup_text": "<p>Entice customers to sign up for your mailing list with discounts or exclusive offers.<\/p>",
          "enable_newsletter": true,
          "button_label": "",
          "button_link": ""
        }
      },
      "product-recommendations": {
        "type": "product-recommendations",
        "settings": {
          "show_product_recommendations": true
        }
      },
      "social": {
        "type": "social",
        "settings": {
          "enable_home": false,
          "enable_product": false,
          "enable_collection": false,
          "title": "On social",
          "description": "<p>Send us yours <a href=\"https:\/\/instagram.com\/youraccount\/\">@youraccount<\/a><\/p>"
        }
      }
    },
    "content_for_index": [

    ],
    "blocks": {
      "10042746950867549768": {
        "type": "shopify:\/\/apps\/hulk-product-options\/blocks\/app-embed\/380168ef-9475-4244-a291-f66b189208b5",
        "disabled": false,
        "settings": {
        }
      },
      "6858403126979251294": {
        "type": "shopify:\/\/apps\/eu-gdpr-cookies-notification\/blocks\/omega-cookies-notification\/13cba824-a338-452e-9b8e-c83046a79f21",
        "disabled": false,
        "settings": {
        }
      }
    }
  },
  "presets": {
    "Core": {
      "animate_images": true,
      "animate_page_transition_style": "page-logo",
      "button_style": "round",
      "button_type_style": "normal",
      "cart_type": "sticky",
      "checkout_accent_color": "#111111",
      "checkout_banner_background_color": "#ffffff",
      "checkout_body_background_color": "#ffffff",
      "checkout_body_font": "Helvetica Neue",
      "checkout_button_color": "#111111",
      "checkout_call_to_action_color": "#a26b25",
      "checkout_error_color": "#ff6d6d",
      "checkout_heading_font": "Helvetica Neue",
      "checkout_input_background_color_mode": "white",
      "checkout_logo_position": "left",
      "checkout_logo_size": "medium",
      "checkout_sidebar_background_color": "#fafafa",
      "checkout_use_header_image": false,
      "color_alt_bg": "#f9f9f9",
      "color_alt_text": "#000000",
      "color_announcement": "#000000",
      "color_announcement_text": "#ffffff",
      "color_body_bg": "#ffffff",
      "color_body_text": "#000000",
      "color_button": "#000000",
      "color_button_text": "#ffffff",
      "color_cart_dot": "#f75d44",
      "color_cart_dot_text": "#ffffff",
      "color_drawer_background": "#ffffff",
      "color_drawer_text": "#000000",
      "color_image_overlay": "#000000",
      "color_image_overlay_opacity": 10,
      "color_image_overlay_text_shadow": 20,
      "color_image_text": "#ffffff",
      "color_large_image_bg": "#000000",
      "color_newsletter": "#000000",
      "color_newsletter_text": "#fff",
      "color_sale_price": "#000000",
      "color_sale_tag": "#990000",
      "color_small_image_bg": "#ffffff",
      "desktop_loader_width": 100,
      "mobile_loader_width": 100,
      "product_grid_image_size": "natural",
      "product_hover_details": false,
      "product_hover_image": true,
      "product_image_scatter": false,
      "product_video_style": "muted",
      "type_base_font_family": "roboto_condensed_n4",
      "type_base_line_height": 1.6,
      "type_base_size": 18,
      "type_base_spacing": "25",
      "type_header_base_size": 46,
      "type_header_capitalize": true,
      "type_header_font_family": "roboto_condensed_i7",
      "type_header_line_height": 1,
      "type_header_spacing": "-25",
      "type_product_capitalize": false,
      "sections": {
        "header": {
          "type": "header",
          "settings": {
            "sticky_index": true,
            "sticky_collection": false,
            "header_search_enable": true,
            "show_announcement": false,
            "show_announcement_home_only": false
          }
        },
        "footer": {
          "type": "footer",
          "settings": {
            "show_newsletter": true,
            "show_social_icons": true,
            "menu": "footer",
            "newsletter_title": "Join the club",
            "newsletter_richtext": "",
            "show_payment_icons": false,
            "show_copyright": false
          }
        },
        "newsletter-popup": {
          "type": "newsletter-popup",
          "settings": {
            "mode": "disabled",
            "popup_seconds": 5,
            "popup_days": 30,
            "enable_newsletter": true
          }
        },
        "product-recommendations": {
          "type": "product-recommendations",
          "settings": {
            "show_product_recommendations": true
          }
        }
      }
    },
    "Luxe": {
      "animate_images": true,
      "animate_page_transition_style": "page-logo",
      "button_style": "shadow",
      "cart_type": "sticky",
      "checkout_accent_color": "#111111",
      "checkout_banner_background_color": "#ffffff",
      "checkout_body_background_color": "#ffffff",
      "checkout_body_font": "Helvetica Neue",
      "checkout_button_color": "#111111",
      "checkout_call_to_action_color": "#a26b25",
      "checkout_error_color": "#ff6d6d",
      "checkout_heading_font": "Helvetica Neue",
      "checkout_input_background_color_mode": "white",
      "checkout_logo_position": "left",
      "checkout_logo_size": "medium",
      "checkout_sidebar_background_color": "#fafafa",
      "checkout_use_header_image": false,
      "color_alt_bg": "#ffffff",
      "color_alt_text": "#333029",
      "color_announcement": "#c67066",
      "color_announcement_text": "#ffffff",
      "color_body_bg": "#fdfbfa",
      "color_body_text": "#333029",
      "color_button": "#c67066",
      "color_button_text": "#ffffff",
      "color_cart_dot": "#c67066",
      "color_drawer_background": "#fdf9f5",
      "color_drawer_text": "#333029",
      "color_image_bg": "#000000",
      "color_image_overlay": "#000000",
      "color_image_overlay_opacity": 10,
      "color_image_text": "#ffffff",
      "color_large_image_bg": "#eee5e0",
      "color_newsletter": "#c67066",
      "color_newsletter_text": "#ffffff",
      "color_sale_price": "#333029",
      "color_sale_tag": "#c67066",
      "color_small_image_bg": "#fdfbfa",
      "desktop_loader_width": 140,
      "mobile_loader_width": 130,
      "product_grid_image_size": "natural",
      "product_hover_details": true,
      "product_hover_image": true,
      "product_image_scatter": false,
      "product_video_style": "muted",
      "type_base_font_family": "futura_n4",
      "type_base_line_height": 1.7,
      "type_base_size": 18,
      "type_base_spacing": "25",
      "type_header_base_size": 50,
      "type_header_capitalize": false,
      "type_header_font_family": "itc_novarese_n5",
      "type_header_line_height": 1.1,
      "type_header_spacing": "0",
      "type_product_capitalize": false,
      "sections": {
        "header": {
          "type": "header",
          "settings": {
            "sticky_index": true,
            "sticky_collection": true,
            "header_search_enable": true,
            "show_announcement": true,
            "show_announcement_home_only": false
          }
        },
        "footer": {
          "type": "footer",
          "settings": {
            "show_newsletter": true,
            "show_social_icons": true,
            "show_payment_icons": false,
            "show_copyright": false
          }
        },
        "newsletter-popup": {
          "type": "newsletter-popup",
          "settings": {
            "mode": "disabled",
            "popup_seconds": 5,
            "popup_days": 30,
            "enable_newsletter": true
          }
        },
        "password-header": {
          "type": "password-header",
          "settings": {
          }
        },
        "product-recommendations": {
          "type": "product-recommendations",
          "settings": {
            "show_product_recommendations": true
          }
        }
      }
    },
    "Hype": {
      "animate_images": false,
      "animate_page_transition_style": "page-logo",
      "button_style": "shadow",
      "cart_type": "sticky",
      "checkout_accent_color": "#111111",
      "checkout_body_background_color": "#ffffff",
      "checkout_body_font": "Helvetica Neue",
      "checkout_button_color": "#111111",
      "checkout_error_color": "#ff6d6d",
      "checkout_heading_font": "Helvetica Neue",
      "checkout_input_background_color_mode": "white",
      "checkout_logo_position": "left",
      "checkout_logo_size": "medium",
      "checkout_sidebar_background_color": "#fafafa",
      "color_alt_bg": "#000000",
      "color_alt_text": "#ffffff",
      "color_announcement": "#000000",
      "color_announcement_text": "#ffffff",
      "color_body_bg": "#ffffff",
      "color_cart_dot": "#FF2300",
      "color_drawer_background": "#ffffff",
      "color_drawer_text": "#000000",
      "color_image_bg": "#000000",
      "color_image_overlay": "#000000",
      "color_image_overlay_opacity": 10,
      "color_image_text": "#ffffff",
      "color_large_image_bg": "#000000",
      "color_newsletter": "#000000",
      "color_newsletter_text": "#ffffff",
      "color_small_image_bg": "#f2f2f2",
      "desktop_loader_width": 190,
      "mobile_loader_width": 180,
      "product_grid_image_size": "natural",
      "product_hover_details": false,
      "product_hover_image": true,
      "product_image_scatter": true,
      "product_video_style": "muted",
      "type_base_font_family": "basic_commercial_n7",
      "type_base_line_height": 1.3,
      "type_base_size": 20,
      "type_base_spacing": "25",
      "type_header_base_size": 48,
      "type_header_capitalize": true,
      "type_header_font_family": "basic_commercial_n7",
      "type_header_line_height": 0.9,
      "type_header_spacing": "25",
      "type_product_capitalize": true,
      "sections": {
        "header": {
          "type": "header",
          "settings": {
            "sticky_index": true,
            "sticky_collection": true,
            "header_search_enable": true,
            "show_announcement": false
          }
        },
        "footer": {
          "type": "footer",
          "settings": {
            "show_newsletter": false
          }
        },
        "newsletter-popup": {
          "type": "newsletter-popup",
          "settings": {
            "mode": "disabled",
            "popup_seconds": 5,
            "popup_days": 30,
            "enable_newsletter": true
          }
        },
        "product-recommendations": {
          "type": "product-recommendations",
          "settings": {
            "show_product_recommendations": true
          }
        }
      }
    }
  }
}