{
  "current": {
    "colors_solid_button_labels": "#ffffff",
    "colors_accent_1": "#121212",
    "gradient_accent_1": "",
    "colors_accent_2": "#334fb4",
    "gradient_accent_2": "",
    "colors_text": "#121212",
    "colors_outline_button_labels": "#121212",
    "colors_background_1": "#ffffff",
    "gradient_background_1": "",
    "colors_background_2": "#f3f3f3",
    "gradient_background_2": "",
    "type_header_font": "assistant_n4",
    "heading_scale": 100,
    "type_body_font": "assistant_n4",
    "body_scale": 100,
    "page_width": 1200,
    "spacing_sections": 0,
    "spacing_grid_horizontal": 8,
    "spacing_grid_vertical": 8,
    "buttons_border_thickness": 1,
    "buttons_border_opacity": 100,
    "buttons_radius": 0,
    "buttons_shadow_opacity": 0,
    "buttons_shadow_horizontal_offset": 0,
    "buttons_shadow_vertical_offset": 4,
    "buttons_shadow_blur": 5,
    "variant_pills_border_thickness": 1,
    "variant_pills_border_opacity": 55,
    "variant_pills_radius": 40,
    "variant_pills_shadow_opacity": 0,
    "variant_pills_shadow_horizontal_offset": 0,
    "variant_pills_shadow_vertical_offset": 4,
    "variant_pills_shadow_blur": 5,
    "inputs_border_thickness": 1,
    "inputs_border_opacity": 55,
    "inputs_radius": 0,
    "inputs_shadow_opacity": 0,
    "inputs_shadow_horizontal_offset": 0,
    "inputs_shadow_vertical_offset": 4,
    "inputs_shadow_blur": 5,
    "card_style": "standard",
    "card_image_padding": 0,
    "card_text_alignment": "left",
    "card_color_scheme": "background-2",
    "card_border_thickness": 0,
    "card_border_opacity": 10,
    "card_corner_radius": 0,
    "card_shadow_opacity": 0,
    "card_shadow_horizontal_offset": 0,
    "card_shadow_vertical_offset": 4,
    "card_shadow_blur": 5,
    "text_boxes_border_thickness": 0,
    "text_boxes_border_opacity": 10,
    "text_boxes_radius": 0,
    "text_boxes_shadow_opacity": 0,
    "text_boxes_shadow_horizontal_offset": 0,
    "text_boxes_shadow_vertical_offset": 4,
    "text_boxes_shadow_blur": 5,
    "media_border_thickness": 1,
    "media_border_opacity": 5,
    "media_radius": 0,
    "media_shadow_opacity": 0,
    "media_shadow_horizontal_offset": 0,
    "media_shadow_vertical_offset": 4,
    "media_shadow_blur": 5,
    "popup_border_thickness": 1,
    "popup_border_opacity": 10,
    "popup_corner_radius": 0,
    "popup_shadow_opacity": 0,
    "popup_shadow_horizontal_offset": 0,
    "popup_shadow_vertical_offset": 4,
    "popup_shadow_blur": 5,
    "drawer_border_thickness": 1,
    "drawer_border_opacity": 10,
    "drawer_shadow_opacity": 0,
    "drawer_shadow_horizontal_offset": 0,
    "drawer_shadow_vertical_offset": 4,
    "drawer_shadow_blur": 5,
    "badge_position": "bottom left",
    "badge_corner_radius": 40,
    "sale_badge_color_scheme": "accent-2",
    "sold_out_badge_color_scheme": "inverse",
    "accent_icons": "text",
    "social_twitter_link": "",
    "social_facebook_link": "",
    "social_pinterest_link": "",
    "social_instagram_link": "",
    "social_tiktok_link": "",
    "social_tumblr_link": "",
    "social_snapchat_link": "",
    "social_youtube_link": "",
    "social_vimeo_link": "",
    "predictive_search_enabled": true,
    "predictive_search_show_vendor": false,
    "predictive_search_show_price": false,
    "currency_code_enabled": true,
    "sections": {
      "header": {
        "type": "header",
        "settings": {
          "color_scheme": "background-1",
          "logo_width": 90,
          "logo_position": "top-center",
          "menu": "main-menu",
          "menu_type_desktop": "mega",
          "show_line_separator": true,
          "enable_sticky_header": true,
          "margin_bottom": 0
        }
      },
      "footer": {
        "type": "footer",
        "blocks": {
          "footer-0": {
            "type": "link_list",
            "settings": {
              "heading": "Quick links",
              "menu": "footer"
            }
          },
          "footer-1": {
            "type": "link_list",
            "settings": {
              "heading": "Info",
              "menu": "footer"
            }
          },
          "footer-2": {
            "type": "text",
            "settings": {
              "heading": "Our mission",
              "subtext": "<p>Share contact information, store details, and brand content with your customers.<\/p>"
            }
          }
        },
        "block_order": [
          "footer-0",
          "footer-1",
          "footer-2"
        ],
        "settings": {
          "color_scheme": "background-1",
          "newsletter_enable": true,
          "newsletter_heading": "Subscribe to our emails",
          "show_social": true,
          "enable_country_selector": false,
          "enable_language_selector": false,
          "payment_enable": true,
          "margin_top": 48,
          "padding_top": 36,
          "padding_bottom": 36
        }
      },
      "main-password-header": {
        "type": "main-password-header",
        "settings": {
          "logo_max_width": 100,
          "color_scheme": "background-1"
        }
      },
      "main-password-footer": {
        "type": "main-password-footer",
        "settings": {
          "color_scheme": "background-1"
        }
      },
      "announcement-bar": {
        "type": "announcement-bar",
        "blocks": {
          "3a13fba9-036b-4600-93f7-c5ef99110513": {
            "type": "text",
            "settings": {
              "announcement_bar_text": "Call Us: 866-697-6548"
            }
          },
          "2c5e3ad0-f7b2-47aa-afe5-5b0af5de8777": {
            "type": "text",
            "settings": {
              "announcement_bar_text": "Last Day! Complimentary Diamond Earrings with Purchase Over $1000"
            }
          },
          "251c9a8e-887a-4beb-9818-b22f747a1475": {
            "type": "button",
            "settings": {
              "announcement_bar_icon1": "shopify:\/\/shop_images\/Vector.png",
              "announcement_bar_icon2": "shopify:\/\/shop_images\/Vector_1.png",
              "announcement_bar_icon3": "shopify:\/\/shop_images\/Vector_2.png"
            }
          },
          "12a1b9e8-5215-4072-a39b-d1aaa694c1a4": {
            "type": "paragraph",
            "settings": {
              "announcement_bar_mobile_text": "Free Shipping Over $1000"
            }
          }
        },
        "block_order": [
          "3a13fba9-036b-4600-93f7-c5ef99110513",
          "2c5e3ad0-f7b2-47aa-afe5-5b0af5de8777",
          "251c9a8e-887a-4beb-9818-b22f747a1475",
          "12a1b9e8-5215-4072-a39b-d1aaa694c1a4"
        ],
        "settings": {
          "announcement_bar_bg": "#eedebd"
        }
      }
    },
    "content_for_index": [

    ]
  },
  "presets": {
    "Default": {
      "colors_solid_button_labels": "#ffffff",
      "colors_accent_1": "#121212",
      "gradient_accent_1": "",
      "colors_accent_2": "#334fb4",
      "gradient_accent_2": "",
      "colors_text": "#121212",
      "colors_outline_button_labels": "#121212",
      "colors_background_1": "#ffffff",
      "gradient_background_1": "",
      "colors_background_2": "#f3f3f3",
      "gradient_background_2": "",
      "type_header_font": "assistant_n4",
      "heading_scale": 100,
      "type_body_font": "assistant_n4",
      "body_scale": 100,
      "page_width": 1200,
      "spacing_sections": 0,
      "spacing_grid_horizontal": 8,
      "spacing_grid_vertical": 8,
      "buttons_border_thickness": 1,
      "buttons_border_opacity": 100,
      "buttons_radius": 0,
      "buttons_shadow_opacity": 0,
      "buttons_shadow_horizontal_offset": 0,
      "buttons_shadow_vertical_offset": 4,
      "buttons_shadow_blur": 5,
      "variant_pills_border_thickness": 1,
      "variant_pills_border_opacity": 55,
      "variant_pills_radius": 40,
      "variant_pills_shadow_opacity": 0,
      "variant_pills_shadow_horizontal_offset": 0,
      "variant_pills_shadow_vertical_offset": 4,
      "variant_pills_shadow_blur": 5,
      "inputs_border_thickness": 1,
      "inputs_border_opacity": 55,
      "inputs_radius": 0,
      "inputs_shadow_opacity": 0,
      "inputs_shadow_horizontal_offset": 0,
      "inputs_shadow_vertical_offset": 4,
      "inputs_shadow_blur": 5,
      "card_style": "standard",
      "card_image_padding": 0,
      "card_text_alignment": "left",
      "card_color_scheme": "background-2",
      "card_border_thickness": 0,
      "card_border_opacity": 10,
      "card_corner_radius": 0,
      "card_shadow_opacity": 0,
      "card_shadow_horizontal_offset": 0,
      "card_shadow_vertical_offset": 4,
      "card_shadow_blur": 5,
      "text_boxes_border_thickness": 0,
      "text_boxes_border_opacity": 10,
      "text_boxes_radius": 0,
      "text_boxes_shadow_opacity": 0,
      "text_boxes_shadow_horizontal_offset": 0,
      "text_boxes_shadow_vertical_offset": 4,
      "text_boxes_shadow_blur": 5,
      "media_border_thickness": 1,
      "media_border_opacity": 5,
      "media_radius": 0,
      "media_shadow_opacity": 0,
      "media_shadow_horizontal_offset": 0,
      "media_shadow_vertical_offset": 4,
      "media_shadow_blur": 5,
      "popup_border_thickness": 1,
      "popup_border_opacity": 10,
      "popup_corner_radius": 0,
      "popup_shadow_opacity": 0,
      "popup_shadow_horizontal_offset": 0,
      "popup_shadow_vertical_offset": 4,
      "popup_shadow_blur": 5,
      "drawer_border_thickness": 1,
      "drawer_border_opacity": 10,
      "drawer_shadow_opacity": 0,
      "drawer_shadow_horizontal_offset": 0,
      "drawer_shadow_vertical_offset": 4,
      "drawer_shadow_blur": 5,
      "badge_position": "bottom left",
      "badge_corner_radius": 40,
      "sale_badge_color_scheme": "accent-2",
      "sold_out_badge_color_scheme": "inverse",
      "accent_icons": "text",
      "social_twitter_link": "",
      "social_facebook_link": "",
      "social_pinterest_link": "",
      "social_instagram_link": "",
      "social_tiktok_link": "",
      "social_tumblr_link": "",
      "social_snapchat_link": "",
      "social_youtube_link": "",
      "social_vimeo_link": "",
      "predictive_search_enabled": true,
      "predictive_search_show_vendor": false,
      "predictive_search_show_price": false,
      "currency_code_enabled": true,
      "sections": {
        "announcement-bar": {
          "type": "announcement-bar",
          "blocks": {
            "announcement-bar-0": {
              "type": "text",
              "settings": {
              }
            }
          },
          "block_order": [
            "announcement-bar-0"
          ],
          "settings": {
          }
        },
        "header": {
          "type": "header",
          "settings": {
            "color_scheme": "background-1",
            "logo_width": 90,
            "logo_position": "middle-left",
            "menu": "main-menu",
            "show_line_separator": true,
            "enable_sticky_header": true,
            "margin_bottom": 0
          }
        },
        "footer": {
          "type": "footer",
          "blocks": {
            "footer-0": {
              "type": "link_list",
              "settings": {
                "heading": "Quick links",
                "menu": "footer"
              }
            },
            "footer-1": {
              "type": "link_list",
              "settings": {
                "heading": "Info",
                "menu": "footer"
              }
            },
            "footer-2": {
              "type": "text",
              "settings": {
                "heading": "Our mission",
                "subtext": "<p>Share contact information, store details, and brand content with your customers.<\/p>"
              }
            }
          },
          "block_order": [
            "footer-0",
            "footer-1",
            "footer-2"
          ],
          "settings": {
            "color_scheme": "background-1",
            "newsletter_enable": true,
            "newsletter_heading": "Subscribe to our emails",
            "show_social": true,
            "enable_country_selector": false,
            "enable_language_selector": false,
            "payment_enable": true,
            "margin_top": 48,
            "padding_top": 36,
            "padding_bottom": 36
          }
        },
        "main-password-header": {
          "type": "main-password-header",
          "settings": {
            "logo_max_width": 100,
            "color_scheme": "background-1"
          }
        },
        "main-password-footer": {
          "type": "main-password-footer",
          "settings": {
            "color_scheme": "background-1"
          }
        }
      }
    }
  }
}
