{
  "sections": {
    "165236476950808bf4": {
      "type": "homeSlider",
      "blocks": {
        "b84a203d-f72f-4fe9-a9dd-b74094f7d5f2": {
          "type": "image_picker",
          "settings": {
            "home_slider_img": "shopify:\/\/shop_images\/Banner.jpg"
          }
        },
        "a2a2da16-17f3-4847-81b6-43fe8afc5067": {
          "type": "image_picker",
          "settings": {
            "home_slider_img": "shopify:\/\/shop_images\/Banner.jpg"
          }
        },
        "a9f5b1f7-7f84-4ac5-ad66-cfef8169bc5b": {
          "type": "image_picker",
          "settings": {
            "home_slider_img": "shopify:\/\/shop_images\/Banner.jpg"
          }
        }
      },
      "block_order": [
        "b84a203d-f72f-4fe9-a9dd-b74094f7d5f2",
        "a2a2da16-17f3-4847-81b6-43fe8afc5067",
        "a9f5b1f7-7f84-4ac5-ad66-cfef8169bc5b"
      ],
      "settings": {
      }
    },
    "165236477232d07421": {
      "type": "collections_tabs",
      "blocks": {
        "4c3ace35-53ec-4360-b5ba-290bf38abb78": {
          "type": "collection",
          "settings": {
            "collections_tabs_item_title": "In stock Engagement",
            "collections_tabs_select1": "frontpage",
            "collections_tabs_select2": "frontpage",
            "collections_tabs_select3": "frontpage"
          }
        },
        "ce388f1d-5e57-4236-bf41-407ff8d5359f": {
          "type": "collection",
          "settings": {
            "collections_tabs_item_title": "Everyday Wear",
            "collections_tabs_select1": "frontpage",
            "collections_tabs_select2": "frontpage",
            "collections_tabs_select3": ""
          }
        },
        "53735042-646d-4397-beb5-ab701740d65b": {
          "type": "collection",
          "settings": {
            "collections_tabs_item_title": "Give a Gift",
            "collections_tabs_select1": "frontpage",
            "collections_tabs_select2": "frontpage",
            "collections_tabs_select3": "frontpage"
          }
        }
      },
      "block_order": [
        "4c3ace35-53ec-4360-b5ba-290bf38abb78",
        "ce388f1d-5e57-4236-bf41-407ff8d5359f",
        "53735042-646d-4397-beb5-ab701740d65b"
      ],
      "settings": {
        "collections_tabs_title": "Shop Our Collections"
      }
    },
    "16524450032d2595ba": {
      "type": "diamondGallery",
      "blocks": {
        "34026cd3-d275-4166-9ded-a8b6da52a25e": {
          "type": "image_picker",
          "settings": {
            "diamond_gallery_name": "Round",
            "diamond_gallery_img": "shopify:\/\/shop_images\/Round_1.png"
          }
        },
        "25860c9f-421a-4b75-bb1a-3e84aed085de": {
          "type": "image_picker",
          "settings": {
            "diamond_gallery_name": "Oval",
            "diamond_gallery_img": "shopify:\/\/shop_images\/Oval_1.png"
          }
        },
        "d6e717cb-c18b-4091-86ee-56e5a8354cc0": {
          "type": "image_picker",
          "settings": {
            "diamond_gallery_name": "Cushion",
            "diamond_gallery_img": "shopify:\/\/shop_images\/Cushion.png"
          }
        },
        "4c221bb6-cab0-4730-8320-58d7aead708a": {
          "type": "image_picker",
          "settings": {
            "diamond_gallery_name": "Pear",
            "diamond_gallery_img": "shopify:\/\/shop_images\/Pear.png"
          }
        },
        "50f84f9a-0c46-4b6b-b362-ff0f08c96854": {
          "type": "image_picker",
          "settings": {
            "diamond_gallery_name": "Princess",
            "diamond_gallery_img": "shopify:\/\/shop_images\/Cushion.png"
          }
        },
        "cf7c89a6-688f-4fef-8ad3-086f7580107d": {
          "type": "image_picker",
          "settings": {
            "diamond_gallery_name": "Emerald",
            "diamond_gallery_img": "shopify:\/\/shop_images\/Asscher.png"
          }
        },
        "325d5768-e98a-4de7-a77f-3ead5b910ceb": {
          "type": "image_picker",
          "settings": {
            "diamond_gallery_name": "Marquise",
            "diamond_gallery_img": "shopify:\/\/shop_images\/Marquise.png"
          }
        },
        "ffaba8c4-4d10-4d09-bae7-1d9aabf53a6c": {
          "type": "image_picker",
          "settings": {
            "diamond_gallery_name": "Asscher",
            "diamond_gallery_img": "shopify:\/\/shop_images\/Asscher.png"
          }
        },
        "f7c0c8ca-2590-430d-89f3-d42772fb2bd7": {
          "type": "image_picker",
          "settings": {
            "diamond_gallery_name": "Radiant",
            "diamond_gallery_img": "shopify:\/\/shop_images\/Cushion.png"
          }
        },
        "7dd91bf7-e6dd-45b5-8f83-449a13b8af0b": {
          "type": "image_picker",
          "settings": {
            "diamond_gallery_name": "Heart",
            "diamond_gallery_img": "shopify:\/\/shop_images\/Heart.png"
          }
        }
      },
      "block_order": [
        "34026cd3-d275-4166-9ded-a8b6da52a25e",
        "25860c9f-421a-4b75-bb1a-3e84aed085de",
        "d6e717cb-c18b-4091-86ee-56e5a8354cc0",
        "4c221bb6-cab0-4730-8320-58d7aead708a",
        "50f84f9a-0c46-4b6b-b362-ff0f08c96854",
        "cf7c89a6-688f-4fef-8ad3-086f7580107d",
        "325d5768-e98a-4de7-a77f-3ead5b910ceb",
        "ffaba8c4-4d10-4d09-bae7-1d9aabf53a6c",
        "f7c0c8ca-2590-430d-89f3-d42772fb2bd7",
        "7dd91bf7-e6dd-45b5-8f83-449a13b8af0b"
      ],
      "settings": {
        "diamond_gallery_title": "Shop by Diamond Shape"
      }
    },
    "rich_text": {
      "type": "rich-text",
      "blocks": {
        "text": {
          "type": "text",
          "settings": {
            "text": "<p>From the beginning, we set out to be more than just another fine <br\/>jewelry company. We set Out to be company that reinvented fine jewelry <br\/>in a  thoughtful and modern way. How it’s made, how it’s sold , <br\/>how it’s sourced and crafted at every step, what it givees back, <br\/><\/p>"
          }
        },
        "882c6e6e-deb4-4a34-9e28-c685116117bc": {
          "type": "button",
          "settings": {
            "button_label": "Learn More",
            "button_link": "",
            "button_style_secondary": false,
            "button_style_link": true
          }
        }
      },
      "block_order": [
        "text",
        "882c6e6e-deb4-4a34-9e28-c685116117bc"
      ],
      "settings": {
        "color_scheme": "background-3",
        "full_width": true,
        "padding_top": 40,
        "padding_bottom": 0
      }
    },
    "featured_collection": {
      "type": "featured-collection",
      "settings": {
        "title": "Featured products",
        "heading_size": "h2",
        "description": "",
        "show_description": false,
        "description_style": "body",
        "collection": "all",
        "products_to_show": 8,
        "columns_desktop": 4,
        "full_width": false,
        "show_view_all": false,
        "view_all_style": "solid",
        "enable_desktop_slider": false,
        "color_scheme": "background-1",
        "image_ratio": "adapt",
        "show_secondary_image": true,
        "show_vendor": false,
        "show_rating": false,
        "enable_quick_add": false,
        "columns_mobile": "2",
        "swipe_on_mobile": false,
        "padding_top": 28,
        "padding_bottom": 36
      }
    },
    "video": {
      "type": "video",
      "settings": {
        "heading": "",
        "heading_size": "h1",
        "video_url": "https:\/\/www.youtube.com\/watch?v=_9VUPq3SxOc",
        "description": "",
        "full_width": false,
        "color_scheme": "background-1",
        "padding_top": 36,
        "padding_bottom": 36
      }
    }
  },
  "order": [
    "165236476950808bf4",
    "165236477232d07421",
    "16524450032d2595ba",
    "rich_text",
    "featured_collection",
    "video"
  ]
}
