{
  "sections": {
    "collection-header": {
      "type": "collection-header",
      "settings": {
        "collection_image_enable": false,
        "description_enable": true
      }
    },
    "collection-filters": {
      "type": "collection-filters",
      "settings": {
        "enable_color_swatches": false,
        "collection_sort_enable": true
      }
    },
    "main-collection": {
      "type": "main-collection",
      "blocks": {
        "product_grid": {
          "type": "product_grid",
          "settings": {
            "per_row_desktop": 3,
            "per_row_mobile": "2"
          }
        }
      },
      "block_order": [
        "product_grid"
      ],
      "settings": {
      }
    },
    "165703671983844d33": {
      "type": "featured-collections",
      "blocks": {
        "165703671946ccf00b-0": {
          "type": "collection",
          "disabled": true,
          "settings": {
            "collection": "n2-claude-monet",
            "focal_point": "center center"
          }
        },
        "165703671946ccf00b-1": {
          "type": "collection",
          "disabled": true,
          "settings": {
            "collection": "printed-essentials",
            "focal_point": "center center"
          }
        },
        "165703671946ccf00b-2": {
          "type": "collection",
          "disabled": true,
          "settings": {
            "collection": "n8-juliana-plexxo",
            "focal_point": "center center"
          }
        },
        "165703671946ccf00b-3": {
          "type": "collection",
          "disabled": true,
          "settings": {
            "collection": "embroided-essentials",
            "focal_point": "center center"
          }
        }
      },
      "block_order": [
        "165703671946ccf00b-0",
        "165703671946ccf00b-1",
        "165703671946ccf00b-2",
        "165703671946ccf00b-3"
      ],
      "settings": {
        "title": "",
        "alt": false
      }
    }
  },
  "order": [
    "collection-header",
    "collection-filters",
    "main-collection",
    "165703671983844d33"
  ]
}