{
  "sections": {
    "main-collection": {
      "type": "main-collection",
      "disabled": true,
      "blocks": {
        "collection_description": {
          "type": "collection_description",
          "settings": {
          }
        },
        "product_grid": {
          "type": "product_grid",
          "settings": {
          }
        }
      },
      "block_order": [
        "collection_description",
        "product_grid"
      ],
      "settings": {
      }
    },
    "slideshow": {
      "type": "slideshow",
      "blocks": {
        "slideshow-0": {
          "type": "image",
          "settings": {
            "title_size": 80,
            "text_align": "vertical-bottom horizontal-left"
          }
        }
      },
      "block_order": [
        "slideshow-0"
      ],
      "settings": {
      }
    },
    "featured-collection": {
      "type": "featured-collection-slider",
      "settings": {
      }
    },
    "featured-collection2": {
      "type": "featured-collection-slider",
      "settings": {
      }
    },
    "featured-collection3": {
      "type": "featured-collection-slider",
      "settings": {
      }
    },
    "featured-collections": {
      "type": "featured-collections",
      "blocks": {
        "collection1": {
          "type": "collection",
          "settings": {
          }
        },
        "collection2": {
          "type": "collection",
          "settings": {
          }
        },
        "collection3": {
          "type": "collection",
          "settings": {
          }
        },
        "collection4": {
          "type": "collection",
          "settings": {
          }
        }
      },
      "block_order": [
        "collection1",
        "collection2",
        "collection3",
        "collection4"
      ],
      "settings": {
        "title": "You may also like"
      }
    }
  },
  "order": [
    "slideshow",
    "featured-collection",
    "featured-collection2",
    "featured-collections",
    "featured-collection3",
    "main-collection"
  ]
}