{
  "sections": {
    "marquee": {
      "type": "marquee",
      "disabled": true,
      "settings": {
        "text": "¡10% en tu primera compra!",
        "link": "",
        "text_size": 26,
        "text_spacing": true,
        "color_scheme": "button",
        "direction": "left",
        "speed": "slow"
      }
    },
    "hero-video": {
      "type": "hero-video",
      "settings": {
        "title": "",
        "title_size": 80,
        "subheading": "",
        "link_text": "",
        "link": "shopify:\/\/collections\/all",
        "color_accent": "#fe3b1f",
        "text_align": "vertical-bottom horizontal-center",
        "video_url": "https:\/\/youtu.be\/nnBmIanZSeI",
        "section_height": "100vh",
        "mobile_height": "500px"
      }
    },
    "hero-animated": {
      "type": "hero-animated",
      "disabled": true,
      "blocks": {
        "hero-animated-0": {
          "type": "image",
          "settings": {
            "image": "shopify:\/\/shop_images\/511A1688_d66a37cc-b5c8-403a-b598-ccb1b0baebaf.jpg",
            "image_mobile": "shopify:\/\/shop_images\/511A1688.jpg",
            "focal_point": "center center"
          }
        },
        "73d8e61f-496b-4b06-927b-4e2597a4bd87": {
          "type": "image",
          "settings": {
            "image": "shopify:\/\/shop_images\/DSC03359_9c6b2dbc-59f0-4961-9e48-233836d54548.jpg",
            "image_mobile": "shopify:\/\/shop_images\/DSC03359_9c6b2dbc-59f0-4961-9e48-233836d54548.jpg",
            "focal_point": "center center"
          }
        },
        "5454a6f4-c72c-47cb-953a-64420c4c1995": {
          "type": "image",
          "settings": {
            "image": "shopify:\/\/shop_images\/unnamed_dae97dac-267f-4dbe-8e8c-0ff34ed2ce63.jpg",
            "image_mobile": "shopify:\/\/shop_images\/unnamed.jpg",
            "focal_point": "center center"
          }
        },
        "9bcebb57-c209-4154-af6a-426a61beb89b": {
          "type": "image",
          "settings": {
            "image": "shopify:\/\/shop_images\/DSC03823_9db6feec-212a-473a-b0e6-3a591aebdc08.jpg",
            "image_mobile": "shopify:\/\/shop_images\/DSC03823.jpg",
            "focal_point": "center center"
          }
        },
        "hero-animated-1": {
          "type": "image",
          "settings": {
            "image": "shopify:\/\/shop_images\/FEL01845_4d761e37-7c1d-400d-9f6a-db42c8986eb1.jpg",
            "image_mobile": "shopify:\/\/shop_images\/FEL01845.jpg",
            "focal_point": "center center"
          }
        }
      },
      "block_order": [
        "hero-animated-0",
        "73d8e61f-496b-4b06-927b-4e2597a4bd87",
        "5454a6f4-c72c-47cb-953a-64420c4c1995",
        "9bcebb57-c209-4154-af6a-426a61beb89b",
        "hero-animated-1"
      ],
      "settings": {
        "style": "fading",
        "title": "DESCUBRE  LAS MEJORES MARCAS EMERGENTES",
        "title_size": 46,
        "subheading": "",
        "link": "shopify:\/\/collections\/all",
        "link_text": "SHOP NOW",
        "color_accent": "rgba(0,0,0,0)",
        "text_align": "vertical-center horizontal-center",
        "desktop_size": -20,
        "mobile_size": 60
      }
    },
    "featured-collection-slider": {
      "type": "featured-collection-slider",
      "settings": {
        "title": "WOLFITHINGS",
        "description": "En exclusiva🔥",
        "home_featured_products": "portada",
        "per_row": "small",
        "alt": false
      }
    },
    "featured-collections": {
      "type": "featured-collections",
      "blocks": {
        "featured-collections-0": {
          "type": "collection",
          "settings": {
            "collection": "sudaderas-con-capucha",
            "focal_point": "center center"
          }
        },
        "featured-collections-1": {
          "type": "collection",
          "settings": {
            "collection": "camisetas-1",
            "focal_point": "center center"
          }
        },
        "featured-collections-2": {
          "type": "collection",
          "settings": {
            "collection": "sudaderas-media-cremallera",
            "focal_point": "center center"
          }
        },
        "8422f246-c1c3-4860-b18d-ec6c2b257192": {
          "type": "collection",
          "disabled": true,
          "settings": {
            "collection": "polos-manga-larga",
            "focal_point": "center center"
          }
        },
        "b0607061-37e9-4faa-b033-11670acd59bf": {
          "type": "collection",
          "settings": {
            "collection": "joyas",
            "focal_point": "center center"
          }
        }
      },
      "block_order": [
        "featured-collections-0",
        "featured-collections-1",
        "featured-collections-2",
        "8422f246-c1c3-4860-b18d-ec6c2b257192",
        "b0607061-37e9-4faa-b033-11670acd59bf"
      ],
      "settings": {
        "title": "SHOP NOW",
        "alt": false
      }
    },
    "rich-text": {
      "type": "rich-text",
      "blocks": {
        "heading": {
          "type": "heading",
          "settings": {
            "title": "EMPOWERING EMERGING FASHION BRANDS"
          }
        },
        "text": {
          "type": "text",
          "settings": {
            "enlarge_text": false,
            "text": "<p>¡Descubre nuestro TOP 3!<\/p>"
          }
        }
      },
      "block_order": [
        "heading",
        "text"
      ],
      "settings": {
        "align_text": "center",
        "narrow_column": true,
        "alt": false
      }
    },
    "slideshow": {
      "type": "slideshow",
      "disabled": true,
      "blocks": {
        "slideshow-0": {
          "type": "image",
          "settings": {
            "title": "Two line\nslide title.",
            "title_size": 70,
            "subheading": "And an optional subheading",
            "link": "",
            "link_text": "Optional button",
            "color_accent": "rgba(0,0,0,0)",
            "text_align": "vertical-bottom horizontal-left",
            "focal_point": "center center"
          }
        },
        "fa6892c5-a58c-4ec6-9029-a9389189eb41": {
          "type": "image",
          "settings": {
            "title": "Two line\nslide title.",
            "title_size": 80,
            "subheading": "And an optional subheading",
            "link": "",
            "link_text": "Optional button",
            "color_accent": "rgba(0,0,0,0)",
            "text_align": "vertical-center horizontal-center",
            "focal_point": "center center"
          }
        }
      },
      "block_order": [
        "slideshow-0",
        "fa6892c5-a58c-4ec6-9029-a9389189eb41"
      ],
      "settings": {
        "style": "arrows",
        "desktop_size": 0,
        "mobile_size": 0,
        "autoplay": false,
        "autoplay_speed": 7
      }
    },
    "1636894901478e311c": {
      "type": "featured-collection",
      "settings": {
        "title": "",
        "description": "Nuestra marca favorita de la semana",
        "home_featured_products": "homepage",
        "rows": 2,
        "per_row_desktop": 3,
        "per_row_mobile": "1",
        "view_all": false,
        "alt": false
      }
    },
    "1636972107d92e3215": {
      "type": "apps",
      "blocks": {
        "20a5337f-4f15-474a-b5e7-6bb16c7ebf74": {
          "type": "shopify:\/\/apps\/instafeed-instagram-feed\/blocks\/app-block\/c447db20-095d-4a10-9725-b5977662c9d5",
          "settings": {
            "heading_size": 30,
            "feed_width": 100,
            "html_area": ""
          }
        }
      },
      "block_order": [
        "20a5337f-4f15-474a-b5e7-6bb16c7ebf74"
      ],
      "settings": {
        "full_width": true,
        "space_around": false
      }
    },
    "164620667314dc50a7": {
      "type": "advanced-content",
      "blocks": {
        "16462066732644a91b-0": {
          "type": "image",
          "disabled": true,
          "settings": {
            "link": "",
            "width": "50%",
            "alignment": "center"
          }
        },
        "16462066732644a91b-1": {
          "type": "liquid",
          "settings": {
            "code": "<h2 style=\"text-align:center\">NUESTRAS LISTAS DE SPOTIFY<\/h2>",
            "width": "100%",
            "alignment": "bottom-middle"
          }
        }
      },
      "block_order": [
        "16462066732644a91b-0",
        "16462066732644a91b-1"
      ],
      "settings": {
        "full_width": false,
        "space_around": true,
        "alt": false
      }
    },
    "1645189896a9a1c68a": {
      "type": "advanced-content",
      "blocks": {
        "1645189896d9dd9c90-1": {
          "type": "liquid",
          "settings": {
            "code": "<iframe src=\"https:\/\/open.spotify.com\/embed\/playlist\/3ReGuOxkK9D1QAc1s06xaX\" width=\"300\" height=\"380\" frameborder=\"0\" allowtransparency=\"true\" allow=\"encrypted-media\"><\/iframe>",
            "width": "33%",
            "alignment": "top-middle"
          }
        },
        "dc0e76eb-177b-407a-8683-621b8530dc0d": {
          "type": "liquid",
          "settings": {
            "code": "<iframe src=\"https:\/\/open.spotify.com\/embed\/playlist\/037ueYhijTHxlUhAxcZl7x\" width=\"300\" height=\"380\" frameborder=\"0\" allowtransparency=\"true\" allow=\"encrypted-media\"><\/iframe>",
            "width": "33%",
            "alignment": "top-middle"
          }
        },
        "989b1a4a-6fc4-40c9-b77d-660bd68130e7": {
          "type": "liquid",
          "settings": {
            "code": "<iframe src=\"https:\/\/open.spotify.com\/embed\/playlist\/18M2LIEDuq7GdyMxzDg1iO\" width=\"300\" height=\"380\" frameborder=\"0\" allowtransparency=\"true\" allow=\"encrypted-media\"><\/iframe>",
            "width": "33%",
            "alignment": "top-middle"
          }
        }
      },
      "block_order": [
        "1645189896d9dd9c90-1",
        "dc0e76eb-177b-407a-8683-621b8530dc0d",
        "989b1a4a-6fc4-40c9-b77d-660bd68130e7"
      ],
      "settings": {
        "full_width": false,
        "space_around": true,
        "alt": false
      }
    }
  },
  "order": [
    "marquee",
    "hero-video",
    "hero-animated",
    "featured-collection-slider",
    "featured-collections",
    "rich-text",
    "slideshow",
    "1636894901478e311c",
    "1636972107d92e3215",
    "164620667314dc50a7",
    "1645189896a9a1c68a"
  ]
}