{
  "sections": {
    "main": {
      "type": "main-page",
      "settings": {
      }
    },
    "1635255633cfbcfa92": {
      "type": "featured-collections",
      "blocks": {
        "1635255633cfbcfa92-0": {
          "type": "collection",
          "settings": {
            "collection": "anuke",
            "image": "shopify:\/\/shop_images\/anuke-foto-marca.png",
            "focal_point": "center center"
          }
        },
        "1635255633cfbcfa92-2": {
          "type": "collection",
          "settings": {
            "collection": "attitude-brand",
            "image": "shopify:\/\/shop_images\/attitude-foto-marca_a9db2c2b-8923-4cdf-b8de-36a161e7dcb5.png",
            "focal_point": "center center"
          }
        },
        "1635255633cfbcfa92-3": {
          "type": "collection",
          "settings": {
            "collection": "blackbirn",
            "image": "shopify:\/\/shop_images\/blackbirn-foto-marca.png",
            "focal_point": "center center"
          }
        },
        "8f1533e0-b61a-4845-8445-98860eb4872b": {
          "type": "collection",
          "settings": {
            "collection": "blueblue-chihuahua",
            "image": "shopify:\/\/shop_images\/blueblue-foto-marca.jpg",
            "focal_point": "center center"
          }
        },
        "03f2b5e9-763a-4fa2-b40a-c1d8550f9ad3": {
          "type": "collection",
          "settings": {
            "collection": "bumpers",
            "image": "shopify:\/\/shop_images\/bumpers-foto-marca.png",
            "focal_point": "center center"
          }
        },
        "d37f15e2-9acd-480b-be3b-cfbf2e62b6e1": {
          "type": "collection",
          "settings": {
            "collection": "bushbuck",
            "image": "shopify:\/\/shop_images\/bushbuck.png",
            "focal_point": "center center"
          }
        },
        "6c6d89d4-9ee0-442a-b7bc-36974266a5c8": {
          "type": "collection",
          "settings": {
            "collection": "classic-studios",
            "image": "shopify:\/\/shop_images\/classic-foto-marca.jpg",
            "focal_point": "center center"
          }
        },
        "4f050b0c-fe77-45ad-9376-509f1c19a618": {
          "type": "collection",
          "settings": {
            "collection": "dashler-clothing",
            "image": "shopify:\/\/shop_images\/dashler-foto-marca.png",
            "focal_point": "center center"
          }
        },
        "ce401b6a-3009-4737-add6-3db2fc2564f5": {
          "type": "collection",
          "settings": {
            "collection": "drake-urban",
            "image": "shopify:\/\/shop_images\/drake-foto-marc.png",
            "focal_point": "center center"
          }
        },
        "564993e6-ea22-4c7c-a040-5894dac5ad85": {
          "type": "collection",
          "settings": {
            "collection": "eb",
            "image": "shopify:\/\/shop_images\/eb-foto-marca.png",
            "focal_point": "center center"
          }
        },
        "cd57bec4-f4de-4cca-bbc7-7d44325748d0": {
          "type": "collection",
          "settings": {
            "collection": "glincy-brand",
            "image": "shopify:\/\/shop_images\/glincy-brand-foto-marca.png",
            "focal_point": "center center"
          }
        },
        "af78af34-8828-4261-9cfd-2ab2b0a21e41": {
          "type": "collection",
          "settings": {
            "collection": "half",
            "image": "shopify:\/\/shop_images\/half-foto-marca.png",
            "focal_point": "center center"
          }
        }
      },
      "block_order": [
        "1635255633cfbcfa92-0",
        "1635255633cfbcfa92-2",
        "1635255633cfbcfa92-3",
        "8f1533e0-b61a-4845-8445-98860eb4872b",
        "03f2b5e9-763a-4fa2-b40a-c1d8550f9ad3",
        "d37f15e2-9acd-480b-be3b-cfbf2e62b6e1",
        "6c6d89d4-9ee0-442a-b7bc-36974266a5c8",
        "4f050b0c-fe77-45ad-9376-509f1c19a618",
        "ce401b6a-3009-4737-add6-3db2fc2564f5",
        "564993e6-ea22-4c7c-a040-5894dac5ad85",
        "cd57bec4-f4de-4cca-bbc7-7d44325748d0",
        "af78af34-8828-4261-9cfd-2ab2b0a21e41"
      ],
      "settings": {
        "title": "",
        "alt": false
      }
    },
    "163525588681e260d8": {
      "type": "featured-collections",
      "blocks": {
        "163525588681e260d8-1": {
          "type": "collection",
          "settings": {
            "collection": "herrigals-1",
            "image": "shopify:\/\/shop_images\/herrigals-foto-marca.png",
            "focal_point": "center center"
          }
        },
        "163525588681e260d8-2": {
          "type": "collection",
          "settings": {
            "collection": "horizon-studios",
            "image": "shopify:\/\/shop_images\/horizon-foto-marca.png",
            "focal_point": "center center"
          }
        },
        "163525588681e260d8-3": {
          "type": "collection",
          "settings": {
            "collection": "humpier",
            "image": "shopify:\/\/shop_images\/humpier-foto-marca.png",
            "focal_point": "center center"
          }
        },
        "ce3bac09-1782-4d52-bf20-27276ba21971": {
          "type": "collection",
          "settings": {
            "collection": "its-mooa",
            "image": "shopify:\/\/shop_images\/itsmooa-foto-marca.jpg",
            "focal_point": "center center"
          }
        },
        "2592da4c-307f-4758-a0e7-bb6ead770ca8": {
          "type": "collection",
          "settings": {
            "collection": "jesper",
            "image": "shopify:\/\/shop_images\/jesper-foto-marca.png",
            "focal_point": "center center"
          }
        },
        "51bab49f-60c8-47bf-a9c6-1e45e0edacab": {
          "type": "collection",
          "settings": {
            "collection": "kairos-1",
            "image": "shopify:\/\/shop_images\/kairos-foto-marca.jpg",
            "focal_point": "center center"
          }
        },
        "cd122ec9-597a-4748-9c93-ee9b3756bae5": {
          "type": "collection",
          "settings": {
            "collection": "kenepa",
            "image": "shopify:\/\/shop_images\/kenepa-foto-marca.png",
            "focal_point": "center center"
          }
        },
        "2eee4032-b704-492d-8511-42eeda9052e9": {
          "type": "collection",
          "settings": {
            "collection": "khimaira",
            "image": "shopify:\/\/shop_images\/khimaira-foto-marca.jpg",
            "focal_point": "center center"
          }
        },
        "ba3f6261-d544-4140-a300-666cb7715fdb": {
          "type": "collection",
          "settings": {
            "collection": "lacatta",
            "image": "shopify:\/\/shop_images\/lacatta-foto-marca.png",
            "focal_point": "center center"
          }
        },
        "49e9fc98-c318-4242-9042-33390f97398a": {
          "type": "collection",
          "settings": {
            "collection": "marston",
            "image": "shopify:\/\/shop_images\/marston-foto-marca.png",
            "focal_point": "center center"
          }
        },
        "acc191f8-98b4-47c0-b137-bf0201556474": {
          "type": "collection",
          "settings": {
            "collection": "moops",
            "image": "shopify:\/\/shop_images\/moops-foto-marca.png",
            "focal_point": "center center"
          }
        },
        "756e3b9f-351a-42dc-b368-092c1cf64a69": {
          "type": "collection",
          "settings": {
            "collection": "mura",
            "image": "shopify:\/\/shop_images\/mura-foto-marca.png",
            "focal_point": "center center"
          }
        }
      },
      "block_order": [
        "163525588681e260d8-1",
        "163525588681e260d8-2",
        "163525588681e260d8-3",
        "ce3bac09-1782-4d52-bf20-27276ba21971",
        "2592da4c-307f-4758-a0e7-bb6ead770ca8",
        "51bab49f-60c8-47bf-a9c6-1e45e0edacab",
        "cd122ec9-597a-4748-9c93-ee9b3756bae5",
        "2eee4032-b704-492d-8511-42eeda9052e9",
        "ba3f6261-d544-4140-a300-666cb7715fdb",
        "49e9fc98-c318-4242-9042-33390f97398a",
        "acc191f8-98b4-47c0-b137-bf0201556474",
        "756e3b9f-351a-42dc-b368-092c1cf64a69"
      ],
      "settings": {
        "title": "",
        "alt": false
      }
    },
    "1635256338689fbb6c": {
      "type": "featured-collections",
      "blocks": {
        "17444976-bdf5-4f56-892c-1c7b220c4073": {
          "type": "collection",
          "settings": {
            "collection": "nanttai",
            "image": "shopify:\/\/shop_images\/nanttai-foto-marca.png",
            "focal_point": "center center"
          }
        },
        "1635256338689fbb6c-1": {
          "type": "collection",
          "settings": {
            "collection": "new-mentality",
            "image": "shopify:\/\/shop_images\/newmentality-foto-marca.jpg",
            "focal_point": "center center"
          }
        },
        "1635256338689fbb6c-2": {
          "type": "collection",
          "settings": {
            "collection": "old-school",
            "image": "shopify:\/\/shop_images\/oldschool-foto-marca.png",
            "focal_point": "center center"
          }
        },
        "1635256338689fbb6c-3": {
          "type": "collection",
          "settings": {
            "collection": "outerlook-matters",
            "image": "shopify:\/\/shop_images\/outerlooks-foto-marca.jpg",
            "focal_point": "center center"
          }
        },
        "8d3d105d-e6c5-4294-bf71-83340187ab99": {
          "type": "collection",
          "settings": {
            "collection": "pepper",
            "image": "shopify:\/\/shop_images\/pepper-foto-marca.png",
            "focal_point": "center center"
          }
        },
        "576f9179-0c0e-4ff1-a06d-956472a4b39d": {
          "type": "collection",
          "settings": {
            "collection": "perkal",
            "image": "shopify:\/\/shop_images\/perkal.png",
            "focal_point": "center center"
          }
        },
        "4da73284-a651-4b09-92d0-ba2816b4cfea": {
          "type": "collection",
          "settings": {
            "collection": "robinson",
            "image": "shopify:\/\/shop_images\/robinson-foto-marca.png",
            "focal_point": "center center"
          }
        },
        "0cfa628b-1f93-4e32-a43e-61fbc0e11eb9": {
          "type": "collection",
          "settings": {
            "collection": "shark",
            "image": "shopify:\/\/shop_images\/shark-foto-marca.jpg",
            "focal_point": "center center"
          }
        },
        "263ebfda-17c1-46ae-8c7f-01a01bed1a1a": {
          "type": "collection",
          "settings": {
            "collection": "signal",
            "image": "shopify:\/\/shop_images\/signal-foto-marca.png",
            "focal_point": "center center"
          }
        },
        "e2fc00dd-d52c-45a7-a7ef-de730bbffdb7": {
          "type": "collection",
          "settings": {
            "collection": "skallen-brand",
            "image": "shopify:\/\/shop_images\/skallen-foto-marca.png",
            "focal_point": "center center"
          }
        },
        "18f03017-96c6-40f7-b39b-a4a6c27cef3e": {
          "type": "collection",
          "settings": {
            "collection": "terry-road",
            "image": "shopify:\/\/shop_images\/terry-foto-marca.png",
            "focal_point": "center center"
          }
        },
        "c0e48fe1-b2a4-43e3-a3ad-f9b444ee9828": {
          "type": "collection",
          "settings": {
            "collection": "that-duck-club",
            "image": "shopify:\/\/shop_images\/that-duck-club-foto-marca.png",
            "focal_point": "center center"
          }
        }
      },
      "block_order": [
        "17444976-bdf5-4f56-892c-1c7b220c4073",
        "1635256338689fbb6c-1",
        "1635256338689fbb6c-2",
        "1635256338689fbb6c-3",
        "8d3d105d-e6c5-4294-bf71-83340187ab99",
        "576f9179-0c0e-4ff1-a06d-956472a4b39d",
        "4da73284-a651-4b09-92d0-ba2816b4cfea",
        "0cfa628b-1f93-4e32-a43e-61fbc0e11eb9",
        "263ebfda-17c1-46ae-8c7f-01a01bed1a1a",
        "e2fc00dd-d52c-45a7-a7ef-de730bbffdb7",
        "18f03017-96c6-40f7-b39b-a4a6c27cef3e",
        "c0e48fe1-b2a4-43e3-a3ad-f9b444ee9828"
      ],
      "settings": {
        "title": "",
        "alt": false
      }
    },
    "1635257344a9e2c555": {
      "type": "featured-collections",
      "blocks": {
        "3ffdfde2-1690-4cc1-be85-c72ae37e5b75": {
          "type": "collection",
          "settings": {
            "collection": "vandee",
            "image": "shopify:\/\/shop_images\/vandee-foto-marca.jpg",
            "focal_point": "center center"
          }
        },
        "1635257344a9e2c555-1": {
          "type": "collection",
          "settings": {
            "collection": "wolfithings",
            "image": "shopify:\/\/shop_images\/wolfthings-foto-marca.jpg",
            "focal_point": "center center"
          }
        },
        "1635257344a9e2c555-2": {
          "type": "collection",
          "settings": {
            "collection": "yanna",
            "image": "shopify:\/\/shop_images\/yanna-foto-marca.png",
            "focal_point": "center center"
          }
        },
        "1635257344a9e2c555-3": {
          "type": "collection",
          "settings": {
            "collection": "yuxus",
            "image": "shopify:\/\/shop_images\/yuxus-foto-marca.png",
            "focal_point": "center center"
          }
        }
      },
      "block_order": [
        "3ffdfde2-1690-4cc1-be85-c72ae37e5b75",
        "1635257344a9e2c555-1",
        "1635257344a9e2c555-2",
        "1635257344a9e2c555-3"
      ],
      "settings": {
        "title": "",
        "alt": false
      }
    }
  },
  "order": [
    "main",
    "1635255633cfbcfa92",
    "163525588681e260d8",
    "1635256338689fbb6c",
    "1635257344a9e2c555"
  ]
}