{
  "sections": {
    "main": {
      "type": "main-page-full-width",
      "disabled": true,
      "settings": {
      }
    },
    "16367260884edd8d0d": {
      "type": "featured-collections",
      "blocks": {
        "16367260884edd8d0d-0": {
          "type": "collection",
          "disabled": true,
          "settings": {
            "collection": "anuke",
            "focal_point": "center center"
          }
        },
        "4f0ee6d8-ae64-4233-95b6-e91b051a1b1e": {
          "type": "collection",
          "settings": {
            "collection": "arica",
            "focal_point": "center center"
          }
        },
        "045097de-2ac4-41eb-972d-5b62dd78f28c": {
          "type": "collection",
          "settings": {
            "collection": "arze",
            "focal_point": "center center"
          }
        },
        "16367260884edd8d0d-1": {
          "type": "collection",
          "settings": {
            "collection": "attitude-brand",
            "focal_point": "center center"
          }
        },
        "8532903d-7ba0-42c2-b586-4a25223c9b42": {
          "type": "collection",
          "settings": {
            "collection": "becay",
            "focal_point": "center center"
          }
        },
        "16367260884edd8d0d-2": {
          "type": "collection",
          "settings": {
            "collection": "blackbirn",
            "focal_point": "center center"
          }
        },
        "8ee7e54d-c1b1-477f-9eed-156b199296aa": {
          "type": "collection",
          "settings": {
            "collection": "bleu-ciel",
            "focal_point": "center center"
          }
        },
        "9502bb82-f230-4291-9a9c-929ecdfc8025": {
          "type": "collection",
          "settings": {
            "collection": "bumpers",
            "focal_point": "center center"
          }
        },
        "4e04d2d7-c96b-438f-be73-9a9a79604a8d": {
          "type": "collection",
          "settings": {
            "collection": "bushbuck",
            "focal_point": "center center"
          }
        },
        "f9b75981-3f94-4fa0-967a-108ce1f26a96": {
          "type": "collection",
          "settings": {
            "collection": "classic-studios",
            "focal_point": "center center"
          }
        },
        "9c21c13a-515a-4308-80b5-d08bfe3ecee5": {
          "type": "collection",
          "settings": {
            "collection": "cosa-mala",
            "focal_point": "center center"
          }
        },
        "16367260884edd8d0d-3": {
          "type": "collection",
          "settings": {
            "collection": "coldflowerscartel",
            "focal_point": "center center"
          }
        },
        "98cdd185-0720-4fef-813d-820b74261c8d": {
          "type": "collection",
          "settings": {
            "collection": "dashler-clothing",
            "focal_point": "center center"
          }
        },
        "d927a54d-971d-473d-bd14-e11073b7d81f": {
          "type": "collection",
          "disabled": true,
          "settings": {
            "collection": "discographix",
            "focal_point": "center center"
          }
        },
        "2b0fb6a1-5226-47dd-a5c4-583ed5a71d68": {
          "type": "collection",
          "disabled": true,
          "settings": {
            "collection": "dkside",
            "focal_point": "center center"
          }
        }
      },
      "block_order": [
        "16367260884edd8d0d-0",
        "4f0ee6d8-ae64-4233-95b6-e91b051a1b1e",
        "045097de-2ac4-41eb-972d-5b62dd78f28c",
        "16367260884edd8d0d-1",
        "8532903d-7ba0-42c2-b586-4a25223c9b42",
        "16367260884edd8d0d-2",
        "8ee7e54d-c1b1-477f-9eed-156b199296aa",
        "9502bb82-f230-4291-9a9c-929ecdfc8025",
        "4e04d2d7-c96b-438f-be73-9a9a79604a8d",
        "f9b75981-3f94-4fa0-967a-108ce1f26a96",
        "9c21c13a-515a-4308-80b5-d08bfe3ecee5",
        "16367260884edd8d0d-3",
        "98cdd185-0720-4fef-813d-820b74261c8d",
        "d927a54d-971d-473d-bd14-e11073b7d81f",
        "2b0fb6a1-5226-47dd-a5c4-583ed5a71d68"
      ],
      "settings": {
        "title": "Marcas",
        "alt": false
      }
    },
    "163696302673c453f2": {
      "type": "featured-collections",
      "blocks": {
        "23e28a4f-0ea8-46d6-89ad-4594693a39a3": {
          "type": "collection",
          "settings": {
            "collection": "discographix",
            "focal_point": "center center"
          }
        },
        "ea891e81-db6b-4954-bf78-7bac7b1df476": {
          "type": "collection",
          "settings": {
            "collection": "dkside",
            "focal_point": "center center"
          }
        },
        "4cb331eb-9368-4ddd-82b7-4db3eda13ae6": {
          "type": "collection",
          "settings": {
            "collection": "dosthebrand",
            "focal_point": "center center"
          }
        },
        "966f13b8-899e-4dd1-945b-e0ac7f295d7e": {
          "type": "collection",
          "settings": {
            "collection": "drake-urban",
            "focal_point": "center center"
          }
        },
        "70289d86-cfa6-4c32-bda3-0b7c4dca9b24": {
          "type": "collection",
          "settings": {
            "collection": "esenzia",
            "focal_point": "center center"
          }
        },
        "dc66a69b-9b24-4357-8530-f3c92b4a5e0d": {
          "type": "collection",
          "settings": {
            "collection": "floating",
            "focal_point": "center center"
          }
        },
        "39ba2756-695f-42fe-a1f3-437b42ef5cd6": {
          "type": "collection",
          "settings": {
            "collection": "glincy-brand",
            "focal_point": "center center"
          }
        },
        "8318765d-750d-44cb-a125-bf1b073bcd20": {
          "type": "collection",
          "settings": {
            "collection": "goated",
            "focal_point": "center center"
          }
        },
        "1bb21554-ec8b-43bc-96dc-fc33f011204b": {
          "type": "collection",
          "settings": {
            "collection": "groovy",
            "focal_point": "center center"
          }
        },
        "c2295f08-b8c2-4467-95b5-eec104320bc0": {
          "type": "collection",
          "settings": {
            "collection": "half",
            "image": "shopify:\/\/shop_images\/half-foto-marca.png",
            "focal_point": "center center"
          }
        },
        "1636963026db22db64-1": {
          "type": "collection",
          "settings": {
            "collection": "horizon-studios",
            "focal_point": "center center"
          }
        },
        "1636963026db22db64-2": {
          "type": "collection",
          "settings": {
            "collection": "humpier",
            "focal_point": "center center"
          }
        },
        "fbb17ae9-0a34-4614-9167-043c43c58d61": {
          "type": "collection",
          "disabled": true,
          "settings": {
            "collection": "indifference",
            "focal_point": "center center"
          }
        },
        "9a65046f-0f63-4659-86b8-5ef6a024fd35": {
          "type": "collection",
          "disabled": true,
          "settings": {
            "collection": "its-mooa",
            "focal_point": "center center"
          }
        },
        "5f61de41-e5d7-4759-ae31-6cda6a6c4fc3": {
          "type": "collection",
          "disabled": true,
          "settings": {
            "collection": "jesper",
            "focal_point": "center center"
          }
        }
      },
      "block_order": [
        "23e28a4f-0ea8-46d6-89ad-4594693a39a3",
        "ea891e81-db6b-4954-bf78-7bac7b1df476",
        "4cb331eb-9368-4ddd-82b7-4db3eda13ae6",
        "966f13b8-899e-4dd1-945b-e0ac7f295d7e",
        "70289d86-cfa6-4c32-bda3-0b7c4dca9b24",
        "dc66a69b-9b24-4357-8530-f3c92b4a5e0d",
        "39ba2756-695f-42fe-a1f3-437b42ef5cd6",
        "8318765d-750d-44cb-a125-bf1b073bcd20",
        "1bb21554-ec8b-43bc-96dc-fc33f011204b",
        "c2295f08-b8c2-4467-95b5-eec104320bc0",
        "1636963026db22db64-1",
        "1636963026db22db64-2",
        "fbb17ae9-0a34-4614-9167-043c43c58d61",
        "9a65046f-0f63-4659-86b8-5ef6a024fd35",
        "5f61de41-e5d7-4759-ae31-6cda6a6c4fc3"
      ],
      "settings": {
        "title": "",
        "alt": false
      }
    },
    "1636964020e6a13bf2": {
      "type": "featured-collections",
      "blocks": {
        "65878392-3558-4680-a477-8d8c5725f5bd": {
          "type": "collection",
          "settings": {
            "collection": "indifference",
            "focal_point": "center center"
          }
        },
        "e9fe2697-5118-4a75-817f-a07be67978f5": {
          "type": "collection",
          "settings": {
            "collection": "its-mooa",
            "image": "shopify:\/\/shop_images\/itsmooa-foto-marca.jpg",
            "focal_point": "center center"
          }
        },
        "35978542-8972-44e0-b49b-d4022c262b0e": {
          "type": "collection",
          "settings": {
            "collection": "jesper",
            "focal_point": "center center"
          }
        },
        "9ef607ad-b7e3-45d6-990f-463d96d4e402": {
          "type": "collection",
          "settings": {
            "collection": "kenepa",
            "focal_point": "center center"
          }
        },
        "f0e556f1-5fac-4c8a-a266-2c590efe9630": {
          "type": "collection",
          "settings": {
            "collection": "les-coins-dart",
            "focal_point": "center center"
          }
        },
        "450a8280-be5b-451d-9bdb-82c45346a21d": {
          "type": "collection",
          "settings": {
            "collection": "macaronesic",
            "focal_point": "center center"
          }
        },
        "88704e6b-1d4a-414e-b399-29c9fa54a4d0": {
          "type": "collection",
          "settings": {
            "collection": "marston",
            "focal_point": "center center"
          }
        },
        "f8eff496-c57e-4cb5-9118-3ee0f153b9ad": {
          "type": "collection",
          "settings": {
            "collection": "mint-eyes",
            "focal_point": "center center"
          }
        },
        "16369640203504bba1-1": {
          "type": "collection",
          "settings": {
            "collection": "new-mentality",
            "focal_point": "center center"
          }
        },
        "16369640203504bba1-0": {
          "type": "collection",
          "settings": {
            "collection": "old-school",
            "focal_point": "center center"
          }
        },
        "16369640203504bba1-3": {
          "type": "collection",
          "settings": {
            "collection": "outerlook-matters",
            "focal_point": "center center"
          }
        },
        "720a5970-451d-4177-888a-7986ea5c3b93": {
          "type": "collection",
          "settings": {
            "collection": "perkal",
            "image": "shopify:\/\/shop_images\/perkal.png",
            "focal_point": "center center"
          }
        },
        "900a47ed-b85a-4c17-ad0a-324f3824c9f3": {
          "type": "collection",
          "disabled": true,
          "settings": {
            "collection": "robinson",
            "focal_point": "center center"
          }
        },
        "74a78b5f-c77b-4e43-89f9-327fd3f912ce": {
          "type": "collection",
          "disabled": true,
          "settings": {
            "collection": "sharker",
            "focal_point": "center center"
          }
        },
        "3a2a2037-6b9e-437f-a72e-46d59a8b99de": {
          "type": "collection",
          "disabled": true,
          "settings": {
            "collection": "siembraa",
            "focal_point": "center center"
          }
        }
      },
      "block_order": [
        "65878392-3558-4680-a477-8d8c5725f5bd",
        "e9fe2697-5118-4a75-817f-a07be67978f5",
        "35978542-8972-44e0-b49b-d4022c262b0e",
        "9ef607ad-b7e3-45d6-990f-463d96d4e402",
        "f0e556f1-5fac-4c8a-a266-2c590efe9630",
        "450a8280-be5b-451d-9bdb-82c45346a21d",
        "88704e6b-1d4a-414e-b399-29c9fa54a4d0",
        "f8eff496-c57e-4cb5-9118-3ee0f153b9ad",
        "16369640203504bba1-1",
        "16369640203504bba1-0",
        "16369640203504bba1-3",
        "720a5970-451d-4177-888a-7986ea5c3b93",
        "900a47ed-b85a-4c17-ad0a-324f3824c9f3",
        "74a78b5f-c77b-4e43-89f9-327fd3f912ce",
        "3a2a2037-6b9e-437f-a72e-46d59a8b99de"
      ],
      "settings": {
        "title": "",
        "alt": false
      }
    },
    "16453862651400261a": {
      "type": "featured-collections",
      "blocks": {
        "8c0d1b4b-b60a-4d7b-b69c-4ef9c0ce8cb6": {
          "type": "collection",
          "settings": {
            "collection": "robinson",
            "focal_point": "center center"
          }
        },
        "8579eaf5-3436-4f8c-bac6-318c61ff39e0": {
          "type": "collection",
          "settings": {
            "collection": "shark",
            "focal_point": "center center"
          }
        },
        "d693fb96-9f71-4ef4-b6d7-ffafaced6f14": {
          "type": "collection",
          "settings": {
            "collection": "sharker",
            "focal_point": "center center"
          }
        },
        "ab7a199d-c5b6-43fb-8249-13ef8dd8b9e5": {
          "type": "collection",
          "settings": {
            "collection": "siembraa",
            "focal_point": "center center"
          }
        },
        "53b6c1da-424c-4e11-bb93-5dafee7e203d": {
          "type": "collection",
          "settings": {
            "collection": "stooner",
            "focal_point": "center center"
          }
        },
        "d5e92ae8-c731-400c-9385-d328f513e525": {
          "type": "collection",
          "settings": {
            "collection": "takkra",
            "focal_point": "center center"
          }
        },
        "e03190b1-8146-461b-a73b-632da29b4570": {
          "type": "collection",
          "settings": {
            "collection": "teen-angels",
            "focal_point": "center center"
          }
        },
        "2a85ed4b-4e23-49d5-a5c7-572d3ee0b27c": {
          "type": "collection",
          "settings": {
            "collection": "that-duck-club",
            "focal_point": "center center"
          }
        },
        "7d999383-bc6e-470b-a392-25814e163bb3": {
          "type": "collection",
          "disabled": true,
          "settings": {
            "collection": "twowear",
            "focal_point": "center center"
          }
        },
        "16453862650e05ca56-1": {
          "type": "collection",
          "settings": {
            "collection": "vandee",
            "focal_point": "center center"
          }
        },
        "23422475-1cb2-42dd-8ca6-7de362faedc8": {
          "type": "collection",
          "settings": {
            "collection": "voladora",
            "focal_point": "center center"
          }
        },
        "16453862650e05ca56-2": {
          "type": "collection",
          "settings": {
            "collection": "voys-brand",
            "focal_point": "center center"
          }
        },
        "666e8b69-25fa-435e-a71a-1339fb247a6e": {
          "type": "collection",
          "settings": {
            "collection": "whoar",
            "focal_point": "center center"
          }
        },
        "16453862650e05ca56-3": {
          "type": "collection",
          "settings": {
            "collection": "wolfithings",
            "focal_point": "center center"
          }
        },
        "16453862650e05ca56-0": {
          "type": "collection",
          "settings": {
            "collection": "yuxus",
            "focal_point": "center center"
          }
        }
      },
      "block_order": [
        "8c0d1b4b-b60a-4d7b-b69c-4ef9c0ce8cb6",
        "8579eaf5-3436-4f8c-bac6-318c61ff39e0",
        "d693fb96-9f71-4ef4-b6d7-ffafaced6f14",
        "ab7a199d-c5b6-43fb-8249-13ef8dd8b9e5",
        "53b6c1da-424c-4e11-bb93-5dafee7e203d",
        "d5e92ae8-c731-400c-9385-d328f513e525",
        "e03190b1-8146-461b-a73b-632da29b4570",
        "2a85ed4b-4e23-49d5-a5c7-572d3ee0b27c",
        "7d999383-bc6e-470b-a392-25814e163bb3",
        "16453862650e05ca56-1",
        "23422475-1cb2-42dd-8ca6-7de362faedc8",
        "16453862650e05ca56-2",
        "666e8b69-25fa-435e-a71a-1339fb247a6e",
        "16453862650e05ca56-3",
        "16453862650e05ca56-0"
      ],
      "settings": {
        "title": "",
        "alt": false
      }
    },
    "1656003236d633e64b": {
      "type": "featured-collections",
      "blocks": {
        "165600323694f4949f-2": {
          "type": "collection",
          "disabled": true,
          "settings": {
            "collection": "whoar",
            "focal_point": "center center"
          }
        },
        "165600323694f4949f-0": {
          "type": "collection",
          "disabled": true,
          "settings": {
            "collection": "wolfithings",
            "focal_point": "center center"
          }
        },
        "165600323694f4949f-1": {
          "type": "collection",
          "disabled": true,
          "settings": {
            "collection": "yuxus",
            "focal_point": "center center"
          }
        },
        "165600323694f4949f-3": {
          "type": "collection",
          "disabled": true,
          "settings": {
            "collection": "",
            "focal_point": "center center"
          }
        }
      },
      "block_order": [
        "165600323694f4949f-2",
        "165600323694f4949f-0",
        "165600323694f4949f-1",
        "165600323694f4949f-3"
      ],
      "settings": {
        "title": "",
        "alt": false
      }
    }
  },
  "order": [
    "main",
    "16367260884edd8d0d",
    "163696302673c453f2",
    "1636964020e6a13bf2",
    "16453862651400261a",
    "1656003236d633e64b"
  ]
}