{
  "layout": "password",
  "sections": {
    "password-header": {
      "type": "password-header",
      "settings": {
      }
    },
    "slideshow": {
      "type": "slideshow",
      "blocks": {
        "slideshow-0": {
          "type": "image",
          "settings": {
            "title": "Opening soon",
            "title_size": 50,
            "subheading": "",
            "link_text": "",
            "text_align": "vertical-center horizontal-center"
          }
        }
      },
      "block_order": [
        "slideshow-0"
      ],
      "settings": {
      }
    },
    "newsletter": {
      "type": "newsletter",
      "blocks": {
        "password-newsletter-title": {
          "type": "title",
          "settings": {
            "title": "Be the first to know"
          }
        },
        "password-newsletter-text": {
          "type": "text",
          "settings": {
            "text": "<p>Get notified when we re-open our online store.<\/p>"
          }
        },
        "password-newsletter-form": {
          "type": "form",
          "settings": {
          }
        },
        "password-newsletter-share": {
          "type": "share_buttons",
          "settings": {
          }
        }
      },
      "block_order": [
        "password-newsletter-title",
        "password-newsletter-text",
        "password-newsletter-form",
        "password-newsletter-share"
      ],
      "settings": {
      }
    }
  },
  "order": [
    "password-header",
    "slideshow",
    "newsletter"
  ]
}