{
  "sections": {
    "main": {
      "type": "main-product",
      "blocks": {
        "price": {
          "type": "price",
          "settings": {
          }
        },
        "variant_picker": {
          "type": "variant_picker",
          "settings": {
            "variant_labels": true,
            "picker_type": "button",
            "color_swatches": false
          }
        },
        "sales_point": {
          "type": "sales_point",
          "disabled": true,
          "settings": {
            "icon": "globe",
            "text": "Free worldwide shipping"
          }
        },
        "inventory_status": {
          "type": "inventory_status",
          "disabled": true,
          "settings": {
            "inventory_threshold": 10,
            "inventory_transfers_enable": true
          }
        },
        "buy_buttons": {
          "type": "buy_buttons",
          "settings": {
            "show_dynamic_checkout": false,
            "surface_pickup_enable": true
          }
        },
        "description": {
          "type": "description",
          "settings": {
            "is_tab": false
          }
        },
        "tab": {
          "type": "tab",
          "disabled": true,
          "settings": {
            "title": "Shipping information",
            "content": "<p>Use collapsible tabs for more detailed information that will help customers make a purchasing decision.<\/p><p>Ex: Shipping and return policies, size guides, and other common questions.<\/p>",
            "page": ""
          }
        },
        "contact": {
          "type": "contact",
          "settings": {
            "title": "Pregunta cualquier cosa",
            "phone": false
          }
        },
        "share": {
          "type": "share",
          "settings": {
          }
        }
      },
      "block_order": [
        "price",
        "variant_picker",
        "sales_point",
        "inventory_status",
        "buy_buttons",
        "description",
        "tab",
        "contact",
        "share"
      ],
      "settings": {
        "product_image_size": "large",
        "product_image_type": "stacked",
        "product_zoom_enable": true,
        "enable_video_looping": true,
        "product_video_style": "muted",
        "sku_enable": false
      }
    },
    "sub": {
      "type": "product-full-width",
      "disabled": true,
      "settings": {
        "max_width": true
      }
    },
    "background-image-text": {
      "type": "background-image-text",
      "disabled": true,
      "settings": {
        "subtitle": "",
        "title": "Large image with text box",
        "text": "<p>Pair large text with a full-width image to draw attention to an important detail of your brand or product line.<\/p>",
        "button_label": "",
        "button_link": "",
        "desktop_size": 0,
        "image_alignment": "center center",
        "color_border": "#f4f4f4",
        "layout": "left"
      }
    },
    "text-and-image": {
      "type": "text-and-image",
      "disabled": true,
      "settings": {
        "image_width": 700,
        "subtitle": "",
        "title": "Image with text",
        "text": "<p>Pair large text with an image to tell a story, explain a detail about your product, or describe a new promotion.<\/p>",
        "button_label": "",
        "button_link": "",
        "button_style": "primary",
        "align_text": "center",
        "layout": "right",
        "alt": false
      }
    },
    "text-and-image2": {
      "type": "text-and-image",
      "disabled": true,
      "settings": {
        "image_width": 700,
        "subtitle": "",
        "title": "Image with text",
        "text": "<p>Pair large text with an image to tell a story, explain a detail about your product, or describe a new promotion.<\/p>",
        "button_label": "",
        "button_link": "",
        "button_style": "primary",
        "align_text": "center",
        "layout": "left",
        "alt": false
      }
    },
    "testimonials": {
      "type": "testimonials",
      "disabled": true,
      "blocks": {
        "testimonials-0": {
          "type": "testimonial",
          "settings": {
            "testimonial": "<p>Add customer reviews and testimonials to showcase your store’s happy customers.<\/p>",
            "author": "Author's name"
          }
        },
        "testimonials-1": {
          "type": "testimonial",
          "settings": {
            "testimonial": "<p>Add customer reviews and testimonials to showcase your store’s happy customers.<\/p>",
            "author": "Author's name"
          }
        },
        "testimonials-2": {
          "type": "testimonial",
          "settings": {
            "testimonial": "<p>Add customer reviews and testimonials to showcase your store’s happy customers.<\/p>",
            "author": "Author's name"
          }
        }
      },
      "block_order": [
        "testimonials-0",
        "testimonials-1",
        "testimonials-2"
      ],
      "settings": {
        "title": "Testimonials",
        "align_text": "center",
        "round_images": true,
        "alt": false
      }
    },
    "product-recommendations": {
      "type": "product-recommendations",
      "settings": {
        "show_product_recommendations": true,
        "product_recommendations_heading": "you may also like"
      }
    },
    "collection-return": {
      "type": "collection-return",
      "settings": {
      }
    }
  },
  "order": [
    "main",
    "sub",
    "background-image-text",
    "text-and-image",
    "text-and-image2",
    "testimonials",
    "product-recommendations",
    "collection-return"
  ]
}