{
  "sections": {
    "main": {
      "type": "main-article",
      "blocks": {
        "featured_image": {
          "type": "featured_image",
          "settings": {
            "image_height": "adapt"
          }
        },
        "title": {
          "type": "title",
          "settings": {
            "blog_show_date": true,
            "blog_show_author": false
          }
        },
        "share": {
          "type": "share",
          "settings": {
            "share_label": "Share"
          }
        },
        "content": {
          "type": "content",
          "settings": {
          }
        }
      },
      "block_order": [
        "featured_image",
        "title",
        "share",
        "content"
      ],
      "settings": {
      }
    }
    
  }
  ,
    "collections_tabs": {
      "type": "collections_tabs",
      "blocks": {
        "4c3ace35-53ec-4360-b5ba-290bf38abb78": {
          "type": "collection",
          "settings": {
            "collections_tabs_item_title": "In stock Engagement",
            "collections_tabs_select1": "frontpage",
            "collections_tabs_select2": "frontpage",
            "collections_tabs_select3": "frontpage"
          }
        },
        "ce388f1d-5e57-4236-bf41-407ff8d5359f": {
          "type": "collection",
          "settings": {
            "collections_tabs_item_title": "Everyday Wear",
            "collections_tabs_select1": "frontpage",
            "collections_tabs_select2": "frontpage",
            "collections_tabs_select3": ""
          }
        },
        "53735042-646d-4397-beb5-ab701740d65b": {
          "type": "collection",
          "settings": {
            "collections_tabs_item_title": "Give a Gift",
            "collections_tabs_select1": "frontpage",
            "collections_tabs_select2": "frontpage",
            "collections_tabs_select3": "frontpage"
          }
        }
      },
      "block_order": [
        "4c3ace35-53ec-4360-b5ba-290bf38abb78",
        "ce388f1d-5e57-4236-bf41-407ff8d5359f",
        "53735042-646d-4397-beb5-ab701740d65b"
      ],
      "settings": {
        "collections_tabs_title": "Shop Our Collections"
      }
    },
    "rich_text": {
      "type": "rich-text",
      "blocks": {
        "text": {
          "type": "text",
          "settings": {
            "text": "<p>From the beginning, we set out to be more than just another fine <br\/>jewelry company. We set Out to be company that reinvented fine jewelry <br\/>in a  thoughtful and modern way. How it’s made, how it’s sold , <br\/>how it’s sourced and crafted at every step, what it givees back, <br\/><\/p>"
          }
        }
        
      },
      "block_order": [
        "text",
        "882c6e6e-deb4-4a34-9e28-c685116117bc"
      ],
      "settings": {
        "color_scheme": "background-3",
        "full_width": true,
        "padding_top": 40,
        "padding_bottom": 0
      }
    },
  "order": [
    "main",
    "rich_text",
    "collections_tabs"
  ]
}