{
  "sections": {
    "imagenprincipal": {
       "type": "image-banner",
       "settings": {
           
       }  
    }  
    ,
    "main": {
      "type": "main-page",
      "settings": {
        "padding_top": 28,
        "padding_bottom": 28
      }
    }
    ,
    "rich_text": {
      "type": "rich-text",
      "blocks": {
        "text": {
          "type": "text",
          "settings": {
            "text": "<p>From the beginning, we set out to be more than just another fine <br\/>jewelry company. We set Out to be company that reinvented fine jewelry <br\/>in a  thoughtful and modern way. How it’s made, how it’s sold , <br\/>how it’s sourced and crafted at every step, what it givees back, <br\/><\/p>"
          }
        }
        
      },
      "block_order": [
        "text"
      ],
      "settings": {
        "color_scheme": "background-3",
        "full_width": true,
        "padding_top": 40,
        "padding_bottom": 0
      }
    },
    "galleryfor3columns": {
      "type": "galleryfor3columns"
      
    },
    "instagram": {
      "type": "galleryfor3columns"
      
        }
        
    },
  "order": [
    "imagenprincipal",
    "main",
    "rich_text",
    "galleryfor3columns",
    "instagram"
  ]
}